sentence_id;status;n_triples;duration_seconds
bia_0001_00;ok;1;7.449105
bia_0001_01;ok;5;8.079088
bia_0001_02;ok;2;3.030649
bia_0001_03;ok;2;2.775599
bia_0001_04;ok;10;16.125164
bia_0001_05;ok;2;4.586995
bia_0001_06;ok;2;5.473389
bia_0001_07;ok;2;4.60309
bia_0001_08;ok;3;5.402859
bia_0001_09;ok;2;2.671723
bia_0001_10;ok;3;5.582964
bia_0001_11;ok;6;7.457507
bia_0001_12;ok;3;6.300875
bia_0001_13;ok;1;4.810607
bia_0001_14;ok;4;8.124865
bia_0001_15;ok;2;4.33169
bia_0001_16;ok;2;4.720205
bia_0001_17;ok;2;4.540614
bia_0001_18;ok;3;7.667275
bia_0001_19;ok;4;8.311096
bia_0001_20;ok;3;6.375662
bia_0001_21;ok;2;2.936648
bia_0001_22;ok;3;5.689232
bia_0001_23;ok;4;7.65775
bia_0001_24;ok;3;5.673869
bia_0001_25;ok;2;6.091798
bia_0001_26;ok;5;8.83638
bia_0001_27;ok;3;7.68941
bia_0001_28;ok;2;5.126272
bia_0001_29;ok;3;4.130637
bia_0001_30;ok;2;3.296502
bia_0001_31;ok;2;2.890273
bia_0001_32;ok;1;3.039322
bia_0001_33;ok;2;4.76451
bia_0001_34;ok;3;3.940317
bia_0001_35;ok;1;2.354107
bia_0001_36;ok;6;10.332477
bia_0001_37;ok;3;6.166708
bia_0001_38;ok;3;6.257377
bia_0001_39;ok;1;2.419439
bia_0001_40;ok;4;7.176668
bia_0001_41;ok;2;2.727589
bia_0001_42;ok;3;5.547426
bia_0001_43;ok;3;6.372169
bia_0001_44;ok;6;8.367776
bia_0001_45;ok;4;8.235575
bia_0001_46;ok;2;2.778775
bia_0001_47;ok;3;5.898169
bia_0001_48;ok;3;5.936912
bia_0001_49;ok;4;7.647013
bia_0001_50;ok;2;3.486124
bia_0001_51;ok;5;12.915639
bia_0001_52;ok;5;8.809741
bia_0001_53;ok;1;1.68192
bia_0001_54;ok;2;2.592256
bia_0001_55;ok;1;1.733046
bia_0001_56;ok;4;8.397476
bia_0001_57;ok;2;2.566292
bia_0001_58;ok;6;10.257506
bia_0001_59;ok;3;3.774801
bia_0001_60;ok;7;12.37687
bia_0001_61;ok;2;3.157954
bia_0001_62;ok;2;3.26936
bia_0001_63;ok;5;7.923561
bia_0001_64;ok;2;3.821347
bia_0001_65;ok;3;6.396011
bia_0001_66;ok;2;3.854198
bia_0001_67;ok;1;1.548265
bia_0001_68;ok;1;1.555051
bia_0001_69;ok;6;10.930561
bia_0001_70;ok;2;3.804499
bia_0001_71;ok;4;6.715501
bia_0001_72;ok;3;5.842426
bia_0001_73;ok;2;4.022218
bia_0001_74;ok;2;2.95867
bia_0001_75;ok;2;4.666955
bia_0001_76;ok;3;5.522826
bia_0001_77;ok;2;4.471285
bia_0001_78;ok;1;3.135717
bia_0001_79;ok;3;6.309537
bia_0001_80;ok;2;4.513205
bia_0001_81;ok;1;1.33857
bia_0001_82;ok;4;8.136274
bia_0001_83;ok;2;2.952979
bia_0001_84;ok;2;2.801718
bia_0001_85;ok;2;2.97972
bia_0001_86;ok;1;1.681491
bia_0001_87;ok;5;9.147974
bia_0001_88;ok;2;2.775899
bia_0001_89;ok;3;5.703934
bia_0001_90;ok;3;6.47548
bia_0001_91;error;0;8.389493
bia_0001_92;ok;2;3.170945
bia_0001_93;ok;2;4.011565
bia_0001_94;ok;1;3.084713
bia_0001_95;ok;4;5.539678
bia_0001_96;ok;2;2.608866
bia_0001_97;ok;2;3.14551
bia_0001_98;ok;2;2.299397
bia_0001_99;ok;3;4.181848
bia_0001_100;ok;3;5.981406
bia_0001_101;ok;2;4.865125
bia_0001_102;ok;3;6.58288
bia_0001_103;ok;3;5.628785
bia_0001_104;ok;3;6.234758
bia_0001_105;ok;2;2.474201
bia_0001_106;ok;3;6.106216
bia_0001_107;ok;1;1.826592
bia_0001_108;ok;2;4.920607
bia_0001_109;ok;4;7.808464
bia_0001_110;ok;1;3.143201
bia_0001_111;ok;5;11.031045
bia_0001_112;ok;1;1.777489
bia_0001_113;ok;5;8.52747
bia_0001_114;ok;8;14.188846
bia_0001_115;ok;4;8.564351
bia_0001_116;ok;2;4.452275
bia_0001_117;ok;4;6.057559
bia_0001_118;ok;1;2.723671
bia_0001_119;ok;3;7.233149
bia_0001_120;ok;8;17.411035
bia_0001_121;ok;2;3.423145
bia_0001_122;ok;6;10.703577
bia_0001_123;ok;2;4.303987
bia_0001_124;ok;3;6.013181
bia_0001_125;ok;3;6.509049
bia_0001_126;ok;3;4.321171
bia_0001_127;ok;2;3.285852
bia_0001_128;ok;3;6.521468
bia_0001_129;ok;1;1.771152
bia_0001_130;ok;1;1.908955
bia_0001_131;ok;2;4.29621
bia_0001_132;ok;2;4.360687
bia_0001_133;ok;1;2.777869
bia_0001_134;ok;6;10.408098
bia_0001_135;ok;2;3.100464
bia_0001_136;ok;1;1.892305
bia_0001_137;ok;2;4.632198
bia_0001_138;ok;5;6.448134
bia_0001_139;ok;2;2.548596
bia_0001_140;ok;1;2.289204
bia_0001_141;ok;1;2.682946
bia_0001_142;ok;9;11.23899
bia_0001_143;ok;4;9.076997
bia_0001_144;ok;3;5.728396
bia_0001_145;ok;1;1.855479
bia_0001_146;ok;3;6.200996
bia_0001_147;ok;3;6.327107
bia_0001_148;ok;2;2.65771
bia_0001_149;ok;2;2.879378
bia_0001_150;ok;2;2.483944
bia_0001_151;ok;3;5.825197
bia_0001_152;ok;2;5.240721
bia_0001_153;ok;3;6.569607
bia_0001_154;ok;3;6.697913
bia_0001_155;ok;1;1.367833
bia_0001_156;ok;3;6.050177
bia_0001_157;ok;4;7.108142
bia_0001_158;ok;4;5.200402
bia_0001_159;ok;2;3.919288
bia_0001_160;ok;2;3.578944
bia_0001_161;ok;1;2.321521
bia_0001_162;ok;2;5.009536
bia_0001_163;ok;3;5.621815
bia_0001_164;ok;2;4.133238
bia_0001_165;ok;1;1.981723
bia_0001_166;ok;2;5.450568
bia_0001_167;ok;3;5.757027
bia_0001_168;ok;3;5.718455
bia_0001_169;ok;1;2.792235
bia_0001_170;ok;7;11.951567
bia_0001_171;ok;2;5.026103
bia_0001_172;ok;3;6.851693
bia_0001_173;ok;2;2.438372
bia_0001_174;ok;2;2.612311
bia_0001_175;ok;2;3.997186
bia_0001_176;ok;2;4.086266
bia_0001_177;ok;2;2.618021
bia_0001_178;ok;4;7.467954
bia_0001_179;ok;14;20.769089
bia_0001_180;ok;3;3.526321
bia_0001_181;ok;2;2.705834
bia_0001_182;ok;5;5.887389
bia_0001_183;ok;4;8.138124
bia_0001_184;ok;3;4.63725
bia_0001_185;ok;1;1.753882
bia_0001_186;ok;1;1.80808
bia_0001_187;ok;2;3.981501
bia_0001_188;ok;2;5.927089
bia_0001_189;ok;5;8.986996
bia_0001_190;ok;2;4.825423
bia_0001_191;ok;2;2.704167
bia_0001_192;ok;1;2.604372
bia_0001_193;ok;3;5.560576
bia_0001_194;ok;1;1.496234
bia_0001_195;ok;7;8.722329
bia_0001_196;ok;2;2.597488
bia_0001_197;ok;3;5.712556
bia_0001_198;ok;1;2.313246
bia_0001_199;ok;3;6.774103
bia_0001_200;ok;3;3.305912
bia_0001_201;ok;3;5.2861
bia_0001_202;ok;5;8.594487
bia_0001_203;ok;2;3.908105
bia_0001_204;ok;5;8.703442
bia_0001_205;ok;7;10.823522
bia_0001_206;ok;2;4.022061
bia_0001_207;ok;2;2.605225
bia_0001_208;ok;4;4.922249
bia_0001_209;ok;4;6.98442
bia_0001_210;ok;4;7.349508
bia_0001_211;ok;2;2.682011
bia_0001_212;ok;2;3.106661
bia_0001_213;ok;4;8.938619
bia_0001_214;ok;3;6.211169
bia_0001_215;ok;2;4.031272
bia_0001_216;ok;4;4.564252
bia_0001_217;ok;2;5.292236
bia_0001_218;ok;2;4.836413
bia_0001_219;ok;2;2.93637
bia_0001_220;ok;2;4.693219
bia_0001_221;ok;2;3.750114
bia_0001_222;ok;2;3.838939
bia_0001_223;ok;2;4.346325
bia_0001_224;ok;2;3.138807
bia_0001_225;ok;1;2.090342
bia_0001_226;ok;2;4.340934
bia_0001_227;ok;5;9.660399
bia_0001_228;ok;1;1.47204
bia_0001_229;ok;2;4.830042
bia_0001_230;ok;3;5.687757
bia_0001_231;ok;3;6.858328
bia_0001_232;ok;4;5.094238
bia_0001_233;ok;2;2.64028
bia_0001_234;ok;2;5.362625
bia_0001_235;ok;2;4.673726
bia_0001_236;ok;1;2.982082
bia_0001_237;ok;1;2.154539
bia_0001_238;ok;3;4.485283
bia_0001_239;ok;3;3.100537
bia_0001_240;ok;4;4.090064
bia_0001_241;ok;3;6.242803
bia_0001_242;ok;2;2.431014
bia_0001_243;ok;2;4.237656
bia_0001_244;ok;2;4.264817
bia_0001_245;ok;3;6.379345
bia_0001_246;ok;3;6.271762
bia_0001_247;ok;4;6.631337
bia_0001_248;ok;3;6.276218
bia_0001_249;ok;3;6.593871
bia_0001_250;ok;3;3.736991
bia_0001_251;ok;2;5.763038
bia_0001_252;ok;2;2.560733
bia_0001_253;ok;5;5.963271
bia_0001_254;ok;4;6.857935
bia_0001_255;ok;3;4.376813
bia_0001_256;ok;2;4.197974
bia_0001_257;ok;1;1.626443
bia_0001_258;ok;4;7.763619
bia_0001_259;ok;2;2.924195
bia_0001_260;ok;3;4.327715
bia_0001_261;ok;2;4.918386
